Alpha,accuracy,precision,recall,f1
0.01,0.8010135135135135,0.5820433436532507,0.7540106951871658,0.6569598136284217
0.1,0.8010135135135135,0.5820433436532507,0.7540106951871658,0.6569598136284217
0.5,0.8010135135135135,0.5820433436532507,0.7540106951871658,0.6569598136284217
1.0,0.8003378378378379,0.5808444902162719,0.7540106951871658,0.6561954624781849
2.0,0.7993243243243243,0.5792181069958847,0.7526737967914439,0.6546511627906977
5.0,0.797972972972973,0.5771604938271605,0.75,0.6523255813953488
10.0,0.7969594594594595,0.5753846153846154,0.75,0.6511897852582704
20.0,0.7956081081081081,0.5734840698869476,0.7459893048128342,0.6484601975595584
